<?xml version="1.0" encoding="UTF-8"?>
<project-private xmlns="http://www.netbeans.org/ns/project-private/1">
    <editor-bookmarks xmlns="http://www.netbeans.org/ns/editor-bookmarks/2" lastBookmarkId="0"/>
    <open-files xmlns="http://www.netbeans.org/ns/projectui-open-files/2">
        <group>
            <file>file:/C:/Users/Ramon/OneDrive/Documentos/UPV/3A/IPC/Entrega/IPC_FXMLCore-master/src/views/FXMLLogInController.java</file>
            <file>file:/C:/Users/Ramon/OneDrive/Documentos/UPV/3A/IPC/Entrega/IPC_FXMLCore-master/src/resources/estilos.css</file>
            <file>file:/C:/Users/Ramon/OneDrive/Documentos/UPV/3A/IPC/Entrega/IPC_FXMLCore-master/src/javafxmlapplication/FXMLDocument.fxml</file>
        </group>
    </open-files>
</project-private>
